x,y,associated,offered_mbps,goodput_mbps,avg_rtt_ms,rtt_replies,tx_bytes,rx_bytes,loss_ratio,rssi_est_dbm,snr_est_db,seed,run,standard,transport,rateControl,channelWidth
0.000000,11.000000,1,9.996800,6.572800,146.455682,14,3748800,2464800,0.342510,-57.919481,36.070219,1,14,ax,udp,adaptive,20
0.000000,13.000000,1,9.996800,6.620800,147.161063,14,3748800,2482800,0.337708,-60.096001,33.893699,1,15,ax,udp,adaptive,20
0.000000,15.000000,1,9.996800,6.572800,148.438386,14,3748800,2464800,0.342510,-61.960438,32.029262,1,16,ax,udp,adaptive,20
0.000000,1.000000,1,9.996800,6.544000,147.302094,14,3748800,2454000,0.345391,-26.677700,67.312000,1,9,ax,udp,adaptive,20
0.000000,3.000000,1,9.996800,6.550400,148.117617,14,3748800,2456400,0.344750,-40.991338,52.998362,1,10,ax,udp,adaptive,20
0.000000,5.000000,1,9.996800,6.592000,147.100952,14,3748800,2472000,0.340589,-47.646800,46.342900,1,11,ax,udp,adaptive,20
0.000000,7.000000,1,9.996800,6.572800,147.897448,14,3748800,2464800,0.342510,-52.030641,41.959059,1,12,ax,udp,adaptive,20
0.000000,9.000000,1,9.996800,6.537600,148.670410,14,3748800,2451600,0.346031,-55.304975,38.684725,1,13,ax,udp,adaptive,20
0.000000,-11.000000,1,9.996800,6.579200,145.771605,14,3748800,2467200,0.341869,-57.919481,36.070219,1,3,ax,udp,adaptive,20
0.000000,-13.000000,1,9.996800,6.553600,148.422676,14,3748800,2457600,0.344430,-60.096001,33.893699,1,2,ax,udp,adaptive,20
0.000000,-15.000000,1,9.996800,6.611200,145.028314,14,3748800,2479200,0.338668,-61.960438,32.029262,1,1,ax,udp,adaptive,20
0.000000,-1.000000,1,9.996800,6.544000,147.165621,14,3748800,2454000,0.345391,-26.677700,67.312000,1,8,ax,udp,adaptive,20
0.000000,-3.000000,1,9.996800,6.614400,146.830206,14,3748800,2480400,0.338348,-40.991338,52.998362,1,7,ax,udp,adaptive,20
0.000000,-5.000000,1,9.996800,6.588800,148.213635,14,3748800,2470800,0.340909,-47.646800,46.342900,1,6,ax,udp,adaptive,20
0.000000,-7.000000,1,9.996800,6.540800,150.067654,14,3748800,2452800,0.345711,-52.030641,41.959059,1,5,ax,udp,adaptive,20
0.000000,-9.000000,1,9.996800,6.556800,147.382823,14,3748800,2458800,0.344110,-55.304975,38.684725,1,4,ax,udp,adaptive,20
10.000000,11.000000,1,9.996800,6.566400,148.410914,14,3748800,2462400,0.343150,-61.843584,32.146116,1,94,ax,udp,adaptive,20
10.000000,13.000000,1,9.996800,6.572800,148.138044,14,3748800,2464800,0.342510,-63.123984,30.865716,1,95,ax,udp,adaptive,20
10.000000,15.000000,1,9.996800,6.576000,147.748163,14,3748800,2466000,0.342190,-64.355950,29.633750,1,96,ax,udp,adaptive,20
10.000000,1.000000,1,9.996800,6.528000,148.364064,14,3748800,2448000,0.346991,-56.742521,37.247179,1,89,ax,udp,adaptive,20
10.000000,3.000000,1,9.996800,6.534400,148.150642,14,3748800,2450400,0.346351,-57.239097,36.750603,1,90,ax,udp,adaptive,20
10.000000,5.000000,1,9.996800,6.524800,148.015877,14,3748800,2446800,0.347311,-58.131350,35.858350,1,91,ax,udp,adaptive,20
10.000000,7.000000,1,9.996800,6.524800,147.756203,14,3748800,2446800,0.347311,-59.275494,34.714206,1,92,ax,udp,adaptive,20
10.000000,9.000000,1,9.996800,6.579200,146.283514,14,3748800,2467200,0.341869,-60.542879,33.446821,1,93,ax,udp,adaptive,20
10.000000,-11.000000,1,9.996800,6.572800,146.356043,14,3748800,2464800,0.342510,-61.843584,32.146116,1,83,ax,udp,adaptive,20
10.000000,-13.000000,1,9.996800,6.428800,157.325467,13,3748800,2410800,0.356914,-63.123984,30.865716,1,82,ax,udp,adaptive,20
10.000000,-15.000000,1,9.996800,6.614400,148.877849,14,3748800,2480400,0.338348,-64.355950,29.633750,1,81,ax,udp,adaptive,20
10.000000,-1.000000,1,9.996800,6.569600,148.706535,14,3748800,2463600,0.342830,-56.742521,37.247179,1,88,ax,udp,adaptive,20
10.000000,-3.000000,1,9.996800,6.547200,147.000054,14,3748800,2455200,0.345070,-57.239097,36.750603,1,87,ax,udp,adaptive,20
10.000000,-5.000000,1,9.996800,6.550400,147.230690,14,3748800,2456400,0.344750,-58.131350,35.858350,1,86,ax,udp,adaptive,20
10.000000,-7.000000,1,9.996800,6.582400,147.694273,14,3748800,2468400,0.341549,-59.275494,34.714206,1,85,ax,udp,adaptive,20
10.000000,-9.000000,1,9.996800,6.592000,146.796032,14,3748800,2472000,0.340589,-60.542879,33.446821,1,84,ax,udp,adaptive,20
12.000000,11.000000,1,9.996800,6.604800,147.360882,14,3748800,2476800,0.339309,-63.026388,30.963312,1,110,ax,udp,adaptive,20
12.000000,13.000000,1,9.996800,6.601600,149.531054,13,3748800,2475600,0.339629,-64.110865,29.878835,1,111,ax,udp,adaptive,20
12.000000,15.000000,1,9.996800,6.531200,150.026440,14,3748800,2449200,0.346671,-65.183095,28.806605,1,112,ax,udp,adaptive,20
12.000000,1.000000,1,9.996800,6.598400,148.000771,14,3748800,2474400,0.339949,-59.098220,34.891480,1,105,ax,udp,adaptive,20
12.000000,3.000000,1,9.996800,6.588800,146.774172,14,3748800,2470800,0.340909,-59.448071,34.541629,1,106,ax,udp,adaptive,20
12.000000,5.000000,1,9.996800,6.601600,147.207536,14,3748800,2475600,0.339629,-60.096001,33.893699,1,107,ax,udp,adaptive,20
12.000000,7.000000,1,9.996800,6.537600,147.076561,14,3748800,2451600,0.346031,-60.961060,33.028640,1,108,ax,udp,adaptive,20
12.000000,9.000000,1,9.996800,6.544000,147.711586,14,3748800,2454000,0.345391,-61.960438,32.029262,1,109,ax,udp,adaptive,20
12.000000,-11.000000,1,9.996800,6.579200,147.957021,14,3748800,2467200,0.341869,-63.026388,30.963312,1,99,ax,udp,adaptive,20
12.000000,-13.000000,1,9.996800,6.540800,148.145422,14,3748800,2452800,0.345711,-64.110865,29.878835,1,98,ax,udp,adaptive,20
12.000000,-15.000000,1,9.996800,6.585600,147.712465,14,3748800,2469600,0.341229,-65.183095,28.806605,1,97,ax,udp,adaptive,20
12.000000,-1.000000,1,9.996800,6.560000,148.018340,14,3748800,2460000,0.343790,-59.098220,34.891480,1,104,ax,udp,adaptive,20
12.000000,-3.000000,1,9.996800,6.576000,146.379943,14,3748800,2466000,0.342190,-59.448071,34.541629,1,103,ax,udp,adaptive,20
12.000000,-5.000000,1,9.996800,6.588800,148.676467,14,3748800,2470800,0.340909,-60.096001,33.893699,1,102,ax,udp,adaptive,20
12.000000,-7.000000,1,9.996800,6.569600,148.050730,14,3748800,2463600,0.342830,-60.961060,33.028640,1,101,ax,udp,adaptive,20
12.000000,-9.000000,1,9.996800,6.534400,148.207036,14,3748800,2450400,0.346351,-61.960438,32.029262,1,100,ax,udp,adaptive,20
14.000000,11.000000,1,9.996800,6.540800,148.983270,13,3748800,2452800,0.345711,-64.193589,29.796111,1,126,ax,udp,adaptive,20
14.000000,13.000000,1,9.996800,6.579200,147.622726,14,3748800,2467200,0.341869,-65.112093,28.877607,1,127,ax,udp,adaptive,20
14.000000,15.000000,1,9.996800,6.563200,147.446937,14,3748800,2461200,0.343470,-66.041931,27.947769,1,128,ax,udp,adaptive,20
14.000000,1.000000,1,9.996800,6.563200,148.140909,14,3748800,2461200,0.343470,-61.094693,32.895007,1,121,ax,udp,adaptive,20
14.000000,3.000000,1,9.996800,6.537600,148.875562,14,3748800,2451600,0.346031,-61.354008,32.635692,1,122,ax,udp,adaptive,20
14.000000,5.000000,1,9.996800,6.572800,367.763063,11,3748800,2464800,0.342510,-61.843584,32.146116,1,123,ax,udp,adaptive,20
14.000000,7.000000,1,9.996800,6.528000,150.836671,14,3748800,2448000,0.346991,-62.515191,31.474509,1,124,ax,udp,adaptive,20
14.000000,9.000000,1,9.996800,6.566400,147.020575,14,3748800,2462400,0.343150,-63.314897,30.674804,1,125,ax,udp,adaptive,20
14.000000,-11.000000,1,9.996800,6.592000,146.593900,14,3748800,2472000,0.340589,-64.193589,29.796111,1,115,ax,udp,adaptive,20
14.000000,-13.000000,1,9.996800,6.547200,147.344897,14,3748800,2455200,0.345070,-65.112093,28.877607,1,114,ax,udp,adaptive,20
14.000000,-15.000000,1,9.996800,6.563200,149.863970,13,3748800,2461200,0.343470,-66.041931,27.947769,1,113,ax,udp,adaptive,20
14.000000,-1.000000,1,9.996800,6.576000,146.424827,14,3748800,2466000,0.342190,-61.094693,32.895007,1,120,ax,udp,adaptive,20
14.000000,-3.000000,1,9.996800,6.566400,147.895674,14,3748800,2462400,0.343150,-61.354008,32.635692,1,119,ax,udp,adaptive,20
14.000000,-5.000000,1,9.996800,6.550400,149.271707,14,3748800,2456400,0.344750,-61.843584,32.146116,1,118,ax,udp,adaptive,20
14.000000,-7.000000,1,9.996800,6.595200,148.460829,14,3748800,2473200,0.340269,-62.515191,31.474509,1,117,ax,udp,adaptive,20
14.000000,-9.000000,1,9.996800,6.560000,147.252146,14,3748800,2460000,0.343790,-63.314897,30.674804,1,116,ax,udp,adaptive,20
16.000000,11.000000,1,9.996800,6.547200,149.373223,13,3748800,2455200,0.345070,-65.322820,28.666880,1,142,ax,udp,adaptive,20
16.000000,13.000000,1,9.996800,6.428800,156.184149,13,3748800,2410800,0.356914,-66.103534,27.886166,1,143,ax,udp,adaptive,20
16.000000,15.000000,1,9.996800,6.361600,161.761582,12,3748800,2385600,0.363636,-66.909876,27.079824,1,144,ax,udp,adaptive,20
16.000000,1.000000,1,9.996800,6.534400,148.465451,14,3748800,2450400,0.346351,-62.826697,31.163003,1,137,ax,udp,adaptive,20
16.000000,3.000000,1,9.996800,6.540800,148.448331,14,3748800,2452800,0.345711,-63.026388,30.963312,1,138,ax,udp,adaptive,20
16.000000,5.000000,1,9.996800,6.534400,148.516450,14,3748800,2450400,0.346351,-63.408295,30.581405,1,139,ax,udp,adaptive,20
16.000000,7.000000,1,9.996800,6.534400,148.178152,14,3748800,2450400,0.346351,-63.942198,30.047502,1,140,ax,udp,adaptive,20
16.000000,9.000000,1,9.996800,6.560000,147.185650,14,3748800,2460000,0.343790,-64.592149,29.397552,1,141,ax,udp,adaptive,20
16.000000,-11.000000,1,9.996800,6.537600,151.791317,13,3748800,2451600,0.346031,-65.322820,28.666880,1,131,ax,udp,adaptive,20
16.000000,-13.000000,1,9.996800,6.588800,149.617954,13,3748800,2470800,0.340909,-66.103534,27.886166,1,130,ax,udp,adaptive,20
16.000000,-15.000000,1,9.996800,6.540800,152.036200,13,3748800,2452800,0.345711,-66.909876,27.079824,1,129,ax,udp,adaptive,20
16.000000,-1.000000,1,9.996800,6.563200,149.418428,14,3748800,2461200,0.343470,-62.826697,31.163003,1,136,ax,udp,adaptive,20
16.000000,-3.000000,1,9.996800,6.569600,147.539565,14,3748800,2463600,0.342830,-63.026388,30.963312,1,135,ax,udp,adaptive,20
16.000000,-5.000000,1,9.996800,6.595200,147.121246,14,3748800,2473200,0.340269,-63.408295,30.581405,1,134,ax,udp,adaptive,20
16.000000,-7.000000,1,9.996800,6.601600,345.920820,12,3748800,2475600,0.339629,-63.942198,30.047502,1,133,ax,udp,adaptive,20
16.000000,-9.000000,1,9.996800,6.588800,146.641484,14,3748800,2470800,0.340909,-64.592149,29.397552,1,132,ax,udp,adaptive,20
18.000000,11.000000,1,9.996800,6.592000,344.951737,12,3748800,2472000,0.340589,-66.403100,27.586600,1,158,ax,udp,adaptive,20
18.000000,13.000000,1,9.996800,6.409600,156.464941,13,3748800,2403600,0.358835,-67.070404,26.919296,1,159,ax,udp,adaptive,20
18.000000,15.000000,1,9.996800,6.316800,247.017062,13,3748800,2368800,0.368118,-67.771285,26.218415,1,160,ax,udp,adaptive,20
18.000000,1.000000,1,9.996800,6.566400,147.654389,14,3748800,2462400,0.343150,-64.355950,29.633750,1,153,ax,udp,adaptive,20
18.000000,3.000000,1,9.996800,6.576000,146.358794,14,3748800,2466000,0.342190,-64.514364,29.475337,1,154,ax,udp,adaptive,20
18.000000,5.000000,1,9.996800,6.528000,147.496694,14,3748800,2448000,0.346991,-64.820081,29.169619,1,155,ax,udp,adaptive,20
18.000000,7.000000,1,9.996800,6.569600,151.332648,13,3748800,2463600,0.342830,-65.253332,28.736368,1,156,ax,udp,adaptive,20
18.000000,9.000000,1,9.996800,6.588800,147.930798,14,3748800,2470800,0.340909,-65.789525,28.200175,1,157,ax,udp,adaptive,20
18.000000,-11.000000,1,9.996800,6.572800,151.500667,13,3748800,2464800,0.342510,-66.403100,27.586600,1,147,ax,udp,adaptive,20
18.000000,-13.000000,1,9.996800,6.560000,147.577901,13,3748800,2460000,0.343790,-67.070404,26.919296,1,146,ax,udp,adaptive,20
18.000000,-15.000000,1,9.996800,5.859200,288.865868,13,3748800,2197200,0.413892,-67.771285,26.218415,1,145,ax,udp,adaptive,20
18.000000,-1.000000,1,9.996800,6.601600,146.807909,14,3748800,2475600,0.339629,-64.355950,29.633750,1,152,ax,udp,adaptive,20
18.000000,-3.000000,1,9.996800,6.601600,146.544583,14,3748800,2475600,0.339629,-64.514364,29.475337,1,151,ax,udp,adaptive,20
18.000000,-5.000000,1,9.996800,6.547200,146.838097,14,3748800,2455200,0.345070,-64.820081,29.169619,1,150,ax,udp,adaptive,20
18.000000,-7.000000,1,9.996800,6.537600,148.435137,14,3748800,2451600,0.346031,-65.253332,28.736368,1,149,ax,udp,adaptive,20
18.000000,-9.000000,1,9.996800,6.588800,147.869656,14,3748800,2470800,0.340909,-65.789525,28.200175,1,148,ax,udp,adaptive,20
20.000000,11.000000,1,9.996800,6.601600,147.839014,14,3748800,2475600,0.339629,-67.430266,26.559434,1,174,ax,udp,adaptive,20
20.000000,13.000000,1,9.996800,6.572800,146.986146,14,3748800,2464800,0.342510,-68.004384,25.985316,1,175,ax,udp,adaptive,20
20.000000,15.000000,1,9.996800,6.390400,157.580118,13,3748800,2396400,0.360755,-68.615900,25.373800,1,176,ax,udp,adaptive,20
20.000000,1.000000,1,9.996800,6.432000,136.693388,14,3748800,2412000,0.356594,-65.724866,28.264834,1,169,ax,udp,adaptive,20
20.000000,3.000000,1,9.996800,6.553600,148.806391,14,3748800,2457600,0.344430,-65.853550,28.136150,1,170,ax,udp,adaptive,20
20.000000,5.000000,1,9.996800,6.556800,148.440771,14,3748800,2458800,0.344110,-66.103534,27.886166,1,171,ax,udp,adaptive,20
20.000000,7.000000,1,9.996800,6.566400,148.420114,14,3748800,2462400,0.343150,-66.461395,27.528305,1,172,ax,udp,adaptive,20
20.000000,9.000000,1,9.996800,6.556800,148.295973,14,3748800,2458800,0.344110,-66.909876,27.079824,1,173,ax,udp,adaptive,20
20.000000,-11.000000,1,9.996800,6.403200,157.358400,13,3748800,2401200,0.359475,-67.430266,26.559434,1,163,ax,udp,adaptive,20
20.000000,-13.000000,1,9.996800,6.540800,149.423120,13,3748800,2452800,0.345711,-68.004384,25.985316,1,162,ax,udp,adaptive,20
20.000000,-15.000000,1,9.996800,6.582400,147.929782,14,3748800,2468400,0.341549,-68.615900,25.373800,1,161,ax,udp,adaptive,20
20.000000,-1.000000,1,9.996800,6.528000,149.981074,14,3748800,2448000,0.346991,-65.724866,28.264834,1,168,ax,udp,adaptive,20
20.000000,-3.000000,1,9.996800,6.576000,147.930430,13,3748800,2466000,0.342190,-65.853550,28.136150,1,167,ax,udp,adaptive,20
20.000000,-5.000000,1,9.996800,6.585600,147.073880,14,3748800,2469600,0.341229,-66.103534,27.886166,1,166,ax,udp,adaptive,20
20.000000,-7.000000,1,9.996800,6.585600,147.376240,14,3748800,2469600,0.341229,-66.461395,27.528305,1,165,ax,udp,adaptive,20
20.000000,-9.000000,1,9.996800,6.601600,146.897491,14,3748800,2475600,0.339629,-66.909876,27.079824,1,164,ax,udp,adaptive,20
22.000000,11.000000,1,9.996800,6.582400,146.194892,14,3748800,2468400,0.341549,-68.404031,25.585669,1,190,ax,udp,adaptive,20
22.000000,13.000000,1,9.996800,6.428800,154.659983,13,3748800,2410800,0.356914,-68.901398,25.088302,1,191,ax,udp,adaptive,20
22.000000,15.000000,1,9.996800,6.582400,147.423903,14,3748800,2468400,0.341549,-69.437394,24.552307,1,192,ax,udp,adaptive,20
22.000000,1.000000,1,9.996800,5.785600,485.052936,9,3748800,2169600,0.421255,-66.963826,27.025874,1,185,ax,udp,adaptive,20
22.000000,3.000000,1,9.996800,6.553600,146.662039,14,3748800,2457600,0.344430,-67.070404,26.919296,1,186,ax,udp,adaptive,20
22.000000,5.000000,1,9.996800,6.608000,146.286839,14,3748800,2478000,0.338988,-67.278467,26.711233,1,187,ax,udp,adaptive,20
22.000000,7.000000,1,9.996800,6.531200,149.025304,14,3748800,2449200,0.346671,-67.578608,26.411092,1,188,ax,udp,adaptive,20
22.000000,9.000000,1,9.996800,6.566400,149.606916,13,3748800,2462400,0.343150,-67.958427,26.031273,1,189,ax,udp,adaptive,20
22.000000,-11.000000,1,9.996800,6.547200,145.888823,14,3748800,2455200,0.345070,-68.404031,25.585669,1,179,ax,udp,adaptive,20
22.000000,-13.000000,1,9.996800,6.588800,146.026126,14,3748800,2470800,0.340909,-68.901398,25.088302,1,178,ax,udp,adaptive,20
22.000000,-15.000000,1,9.996800,6.572800,148.812171,14,3748800,2464800,0.342510,-69.437394,24.552307,1,177,ax,udp,adaptive,20
22.000000,-1.000000,1,9.996800,6.592000,147.973872,14,3748800,2472000,0.340589,-66.963826,27.025874,1,184,ax,udp,adaptive,20
22.000000,-3.000000,1,9.996800,6.560000,154.110497,13,3748800,2460000,0.343790,-67.070404,26.919296,1,183,ax,udp,adaptive,20
22.000000,-5.000000,1,9.996800,6.531200,147.480475,14,3748800,2449200,0.346671,-67.278467,26.711233,1,182,ax,udp,adaptive,20
22.000000,-7.000000,1,9.996800,6.390400,157.602374,13,3748800,2396400,0.360755,-67.578608,26.411092,1,181,ax,udp,adaptive,20
22.000000,-9.000000,1,9.996800,6.403200,156.347219,13,3748800,2401200,0.359475,-67.958427,26.031273,1,180,ax,udp,adaptive,20
24.000000,11.000000,1,9.996800,6.534400,346.782552,12,3748800,2450400,0.346351,-69.326192,24.663508,1,206,ax,udp,adaptive,20
24.000000,13.000000,1,9.996800,6.438400,164.419923,12,3748800,2414400,0.355954,-69.760044,24.229656,1,207,ax,udp,adaptive,20
24.000000,15.000000,1,9.996800,6.390400,157.179246,13,3748800,2396400,0.360755,-70.232188,23.757512,1,208,ax,udp,adaptive,20
24.000000,1.000000,1,9.996800,6.563200,149.930283,14,3748800,2461200,0.343470,-68.095337,25.894363,1,201,ax,udp,adaptive,20
24.000000,3.000000,1,9.996800,6.563200,151.473334,13,3748800,2461200,0.343470,-68.185038,25.804662,1,202,ax,udp,adaptive,20
24.000000,5.000000,1,9.996800,6.576000,151.900131,13,3748800,2466000,0.342190,-68.360817,25.628883,1,203,ax,udp,adaptive,20
24.000000,7.000000,1,9.996800,6.572800,147.380058,14,3748800,2464800,0.342510,-68.615900,25.373800,1,204,ax,udp,adaptive,20
24.000000,9.000000,1,9.996800,6.380800,157.393815,13,3748800,2392800,0.361716,-68.941181,25.048519,1,205,ax,udp,adaptive,20
24.000000,-11.000000,1,9.996800,6.579200,147.420899,14,3748800,2467200,0.341869,-69.326192,24.663508,1,195,ax,udp,adaptive,20
24.000000,-13.000000,1,9.996800,6.371200,157.261795,13,3748800,2389200,0.362676,-69.760044,24.229656,1,194,ax,udp,adaptive,20
24.000000,-15.000000,1,9.996800,6.412800,159.923540,13,3748800,2404800,0.358515,-70.232188,23.757512,1,193,ax,udp,adaptive,20
24.000000,-1.000000,1,9.996800,6.566400,148.624283,14,3748800,2462400,0.343150,-68.095337,25.894363,1,200,ax,udp,adaptive,20
24.000000,-3.000000,1,9.996800,6.598400,147.141338,14,3748800,2474400,0.339949,-68.185038,25.804662,1,199,ax,udp,adaptive,20
24.000000,-5.000000,1,9.996800,6.563200,147.644606,14,3748800,2461200,0.343470,-68.360817,25.628883,1,198,ax,udp,adaptive,20
24.000000,-7.000000,1,9.996800,6.547200,147.183106,14,3748800,2455200,0.345070,-68.615900,25.373800,1,197,ax,udp,adaptive,20
24.000000,-9.000000,1,9.996800,6.576000,151.499053,13,3748800,2466000,0.342190,-68.941181,25.048519,1,196,ax,udp,adaptive,20
26.000000,11.000000,1,9.996800,6.368000,162.638556,13,3748800,2388000,0.362996,-70.199575,23.790125,1,222,ax,udp,adaptive,20
26.000000,13.000000,1,9.996800,6.057600,201.346978,14,3748800,2271600,0.394046,-70.580551,23.409149,1,223,ax,udp,adaptive,20
26.000000,15.000000,1,9.996800,6.566400,147.835357,14,3748800,2462400,0.343150,-70.998572,22.991128,1,224,ax,udp,adaptive,20
26.000000,1.000000,1,9.996800,6.566400,150.011861,13,3748800,2462400,0.343150,-69.136530,24.853170,1,217,ax,udp,adaptive,20
26.000000,3.000000,1,9.996800,6.508800,148.345725,14,3748800,2440800,0.348912,-69.213059,24.776641,1,218,ax,udp,adaptive,20
26.000000,5.000000,1,9.996800,6.556800,149.249734,13,3748800,2458800,0.344110,-69.363470,24.626230,1,219,ax,udp,adaptive,20
26.000000,7.000000,1,9.996800,6.233600,194.745325,13,3748800,2337600,0.376440,-69.582770,24.406930,1,220,ax,udp,adaptive,20
26.000000,9.000000,1,9.996800,6.572800,146.565486,14,3748800,2464800,0.342510,-69.864138,24.125562,1,221,ax,udp,adaptive,20
26.000000,-11.000000,1,9.996800,6.627200,147.909929,14,3748800,2485200,0.337068,-70.199575,23.790125,1,211,ax,udp,adaptive,20
26.000000,-13.000000,1,9.996800,6.588800,148.526016,14,3748800,2470800,0.340909,-70.580551,23.409149,1,210,ax,udp,adaptive,20
26.000000,-15.000000,1,9.996800,6.521600,146.155957,14,3748800,2445600,0.347631,-70.998572,22.991128,1,209,ax,udp,adaptive,20
26.000000,-1.000000,1,9.996800,6.361600,160.797153,12,3748800,2385600,0.363636,-69.136530,24.853170,1,216,ax,udp,adaptive,20
26.000000,-3.000000,1,9.996800,6.598400,147.784857,14,3748800,2474400,0.339949,-69.213059,24.776641,1,215,ax,udp,adaptive,20
26.000000,-5.000000,1,9.996800,6.560000,148.375329,14,3748800,2460000,0.343790,-69.363470,24.626230,1,214,ax,udp,adaptive,20
26.000000,-7.000000,1,9.996800,6.579200,150.237244,13,3748800,2467200,0.341869,-69.582770,24.406930,1,213,ax,udp,adaptive,20
26.000000,-9.000000,1,9.996800,6.547200,149.272914,13,3748800,2455200,0.345070,-69.864138,24.125562,1,212,ax,udp,adaptive,20
28.000000,11.000000,1,9.996800,6.521600,148.444357,14,3748800,2445600,0.347631,-71.027429,22.962271,1,238,ax,udp,adaptive,20
28.000000,13.000000,1,9.996800,6.569600,149.078605,14,3748800,2463600,0.342830,-71.364094,22.625607,1,239,ax,udp,adaptive,20
28.000000,15.000000,1,9.996800,6.566400,148.983960,13,3748800,2462400,0.343150,-71.736067,22.253633,1,240,ax,udp,adaptive,20
28.000000,1.000000,1,9.996800,6.531200,148.405310,14,3748800,2449200,0.346671,-70.100745,23.888955,1,233,ax,udp,adaptive,20
28.000000,3.000000,1,9.996800,6.572800,147.755224,14,3748800,2464800,0.342510,-70.166798,23.822902,1,234,ax,udp,adaptive,20
28.000000,5.000000,1,9.996800,6.595200,148.620179,14,3748800,2473200,0.340269,-70.296928,23.692772,1,235,ax,udp,adaptive,20
28.000000,7.000000,1,9.996800,6.547200,148.802171,14,3748800,2455200,0.345070,-70.487375,23.502325,1,236,ax,udp,adaptive,20
28.000000,9.000000,1,9.996800,6.598400,148.438899,14,3748800,2474400,0.339949,-70.732942,23.256758,1,237,ax,udp,adaptive,20
28.000000,-11.000000,1,9.996800,6.595200,147.477757,14,3748800,2473200,0.340269,-71.027429,22.962271,1,227,ax,udp,adaptive,20
28.000000,-13.000000,1,9.996800,6.412800,142.521775,13,3748800,2404800,0.358515,-71.364094,22.625607,1,226,ax,udp,adaptive,20
28.000000,-15.000000,1,9.996800,6.502400,154.765237,14,3748800,2438400,0.349552,-71.736067,22.253633,1,225,ax,udp,adaptive,20
28.000000,-1.000000,1,9.996800,6.585600,149.000745,14,3748800,2469600,0.341229,-70.100745,23.888955,1,232,ax,udp,adaptive,20
28.000000,-3.000000,1,9.996800,6.572800,148.272054,14,3748800,2464800,0.342510,-70.166798,23.822902,1,231,ax,udp,adaptive,20
28.000000,-5.000000,1,9.996800,6.566400,146.269311,14,3748800,2462400,0.343150,-70.296928,23.692772,1,230,ax,udp,adaptive,20
28.000000,-7.000000,1,9.996800,6.582400,148.406965,14,3748800,2468400,0.341549,-70.487375,23.502325,1,229,ax,udp,adaptive,20
28.000000,-9.000000,1,9.996800,6.441600,159.122148,12,3748800,2415600,0.355634,-70.732942,23.256758,1,228,ax,udp,adaptive,20
2.000000,11.000000,1,9.996800,6.572800,147.204402,14,3748800,2464800,0.342510,-58.131350,35.858350,1,30,ax,udp,adaptive,20
2.000000,13.000000,1,9.996800,6.585600,147.627723,14,3748800,2469600,0.341229,-60.248392,33.741308,1,31,ax,udp,adaptive,20
2.000000,15.000000,1,9.996800,6.540800,147.947050,14,3748800,2452800,0.345711,-62.075232,31.914468,1,32,ax,udp,adaptive,20
2.000000,1.000000,1,9.996800,6.556800,148.125507,14,3748800,2458800,0.344110,-37.162250,56.827450,1,25,ax,udp,adaptive,20
2.000000,3.000000,1,9.996800,6.608000,146.559691,14,3748800,2478000,0.338988,-43.386850,50.602850,1,26,ax,udp,adaptive,20
2.000000,5.000000,1,9.996800,6.556800,147.860775,14,3748800,2458800,0.344110,-48.613670,45.376030,1,27,ax,udp,adaptive,20
2.000000,7.000000,1,9.996800,6.566400,345.749344,12,3748800,2462400,0.343150,-52.541838,41.447862,1,28,ax,udp,adaptive,20
2.000000,9.000000,1,9.996800,6.534400,147.277995,14,3748800,2450400,0.346351,-55.618984,38.370716,1,29,ax,udp,adaptive,20
2.000000,-11.000000,1,9.996800,6.566400,147.854928,14,3748800,2462400,0.343150,-58.131350,35.858350,1,19,ax,udp,adaptive,20
2.000000,-13.000000,1,9.996800,6.585600,146.921998,14,3748800,2469600,0.341229,-60.248392,33.741308,1,18,ax,udp,adaptive,20
2.000000,-15.000000,1,9.996800,6.598400,145.647400,14,3748800,2474400,0.339949,-62.075232,31.914468,1,17,ax,udp,adaptive,20
2.000000,-1.000000,1,9.996800,6.560000,146.965164,14,3748800,2460000,0.343790,-37.162250,56.827450,1,24,ax,udp,adaptive,20
2.000000,-3.000000,1,9.996800,6.592000,145.234433,14,3748800,2472000,0.340589,-43.386850,50.602850,1,23,ax,udp,adaptive,20
2.000000,-5.000000,1,9.996800,6.588800,147.812853,14,3748800,2470800,0.340909,-48.613670,45.376030,1,22,ax,udp,adaptive,20
2.000000,-7.000000,1,9.996800,6.608000,145.454825,14,3748800,2478000,0.338988,-52.541838,41.447862,1,21,ax,udp,adaptive,20
2.000000,-9.000000,1,9.996800,6.553600,146.425342,14,3748800,2457600,0.344430,-55.618984,38.370716,1,20,ax,udp,adaptive,20
30.000000,11.000000,1,9.996800,6.432000,156.937103,13,3748800,2412000,0.356594,-71.813086,22.176614,1,254,ax,udp,adaptive,20
30.000000,13.000000,1,9.996800,6.592000,147.022288,14,3748800,2472000,0.340589,-72.112366,21.877334,1,255,ax,udp,adaptive,20
30.000000,15.000000,1,9.996800,6.412800,148.338322,13,3748800,2404800,0.358515,-72.444988,21.544712,1,256,ax,udp,adaptive,20
30.000000,1.000000,1,9.996800,6.585600,355.461425,12,3748800,2469600,0.341229,-70.998572,22.991128,1,249,ax,udp,adaptive,20
30.000000,3.000000,1,9.996800,5.817600,484.120789,9,3748800,2181600,0.418054,-71.056158,22.933542,1,250,ax,udp,adaptive,20
30.000000,5.000000,1,9.996800,6.556800,147.231312,14,3748800,2458800,0.344110,-71.169826,22.819874,1,251,ax,udp,adaptive,20
30.000000,7.000000,1,9.996800,6.579200,147.295491,14,3748800,2467200,0.341869,-71.336693,22.653007,1,252,ax,udp,adaptive,20
30.000000,9.000000,1,9.996800,6.540800,150.928777,13,3748800,2452800,0.345711,-71.552735,22.436965,1,253,ax,udp,adaptive,20
30.000000,-11.000000,1,9.996800,6.416000,158.066007,12,3748800,2406000,0.358195,-71.813086,22.176614,1,243,ax,udp,adaptive,20
30.000000,-13.000000,1,9.996800,6.566400,150.222341,14,3748800,2462400,0.343150,-72.112366,21.877334,1,242,ax,udp,adaptive,20
30.000000,-15.000000,1,9.996800,6.614400,147.276851,14,3748800,2480400,0.338348,-72.444988,21.544712,1,241,ax,udp,adaptive,20
30.000000,-1.000000,1,9.996800,6.592000,148.704638,13,3748800,2472000,0.340589,-70.998572,22.991128,1,248,ax,udp,adaptive,20
30.000000,-3.000000,1,9.996800,6.611200,146.403812,14,3748800,2479200,0.338668,-71.056158,22.933542,1,247,ax,udp,adaptive,20
30.000000,-5.000000,1,9.996800,6.534400,146.776948,14,3748800,2450400,0.346351,-71.169826,22.819874,1,246,ax,udp,adaptive,20
30.000000,-7.000000,1,9.996800,5.846400,289.546322,13,3748800,2192400,0.415173,-71.336693,22.653007,1,245,ax,udp,adaptive,20
30.000000,-9.000000,1,9.996800,6.387200,158.044421,13,3748800,2395200,0.361076,-71.552735,22.436965,1,244,ax,udp,adaptive,20
4.000000,11.000000,1,9.996800,6.540800,146.343234,14,3748800,2452800,0.345711,-58.728509,35.261192,1,46,ax,udp,adaptive,20
4.000000,13.000000,1,9.996800,6.556800,147.806511,14,3748800,2458800,0.344110,-60.685276,33.304424,1,47,ax,udp,adaptive,20
4.000000,15.000000,1,9.996800,6.540800,340.853916,12,3748800,2452800,0.345711,-62.407956,31.581744,1,48,ax,udp,adaptive,20
4.000000,1.000000,1,9.996800,6.592000,147.746817,14,3748800,2472000,0.340589,-45.134434,48.855266,1,41,ax,udp,adaptive,20
4.000000,3.000000,1,9.996800,6.582400,147.233637,14,3748800,2468400,0.341549,-47.646800,46.342900,1,42,ax,udp,adaptive,20
4.000000,5.000000,1,9.996800,6.544000,148.263740,14,3748800,2454000,0.345391,-50.869458,43.120242,1,43,ax,udp,adaptive,20
4.000000,7.000000,1,9.996800,6.544000,147.612520,14,3748800,2454000,0.345391,-53.871400,40.118300,1,44,ax,udp,adaptive,20
4.000000,9.000000,1,9.996800,6.544000,149.102181,14,3748800,2454000,0.345391,-56.479276,37.510424,1,45,ax,udp,adaptive,20
4.000000,-11.000000,1,9.996800,6.595200,146.682493,14,3748800,2473200,0.340269,-58.728509,35.261192,1,35,ax,udp,adaptive,20
4.000000,-13.000000,1,9.996800,6.572800,146.994210,14,3748800,2464800,0.342510,-60.685276,33.304424,1,34,ax,udp,adaptive,20
4.000000,-15.000000,1,9.996800,6.582400,149.338681,14,3748800,2468400,0.341549,-62.407956,31.581744,1,33,ax,udp,adaptive,20
4.000000,-1.000000,1,9.996800,6.588800,146.384609,14,3748800,2470800,0.340909,-45.134434,48.855266,1,40,ax,udp,adaptive,20
4.000000,-3.000000,1,9.996800,6.534400,147.978709,14,3748800,2450400,0.346351,-47.646800,46.342900,1,39,ax,udp,adaptive,20
4.000000,-5.000000,1,9.996800,6.592000,146.947689,14,3748800,2472000,0.340589,-50.869458,43.120242,1,38,ax,udp,adaptive,20
4.000000,-7.000000,1,9.996800,6.553600,147.938512,14,3748800,2457600,0.344430,-53.871400,40.118300,1,37,ax,udp,adaptive,20
4.000000,-9.000000,1,9.996800,6.537600,147.602096,14,3748800,2451600,0.346031,-56.479276,37.510424,1,36,ax,udp,adaptive,20
6.000000,11.000000,1,9.996800,6.560000,147.639164,14,3748800,2460000,0.343790,-59.616195,34.373505,1,62,ax,udp,adaptive,20
6.000000,13.000000,1,9.996800,6.566400,148.004566,14,3748800,2462400,0.343150,-61.354008,32.635692,1,63,ax,udp,adaptive,20
6.000000,15.000000,1,9.996800,6.560000,147.181427,14,3748800,2460000,0.343790,-62.927308,31.062392,1,64,ax,udp,adaptive,20
6.000000,1.000000,1,9.996800,6.576000,147.124906,14,3748800,2466000,0.342190,-50.200726,43.788974,1,57,ax,udp,adaptive,20
6.000000,3.000000,1,9.996800,6.598400,147.572456,14,3748800,2474400,0.339949,-51.475888,42.513812,1,58,ax,udp,adaptive,20
6.000000,5.000000,1,9.996800,6.604800,148.098171,14,3748800,2476800,0.339309,-53.457648,40.532053,1,59,ax,udp,adaptive,20
6.000000,7.000000,1,9.996800,6.598400,148.837876,14,3748800,2474400,0.339949,-55.618984,38.370716,1,60,ax,udp,adaptive,20
6.000000,9.000000,1,9.996800,6.617600,147.372158,14,3748800,2481600,0.338028,-57.700488,36.289212,1,61,ax,udp,adaptive,20
6.000000,-11.000000,1,9.996800,6.534400,148.156628,14,3748800,2450400,0.346351,-59.616195,34.373505,1,51,ax,udp,adaptive,20
6.000000,-13.000000,1,9.996800,6.617600,145.985141,14,3748800,2481600,0.338028,-61.354008,32.635692,1,50,ax,udp,adaptive,20
6.000000,-15.000000,1,9.996800,6.598400,146.208205,14,3748800,2474400,0.339949,-62.927308,31.062392,1,49,ax,udp,adaptive,20
6.000000,-1.000000,1,9.996800,6.524800,146.709820,14,3748800,2446800,0.347311,-50.200726,43.788974,1,56,ax,udp,adaptive,20
6.000000,-3.000000,1,9.996800,6.560000,148.184307,14,3748800,2460000,0.343790,-51.475888,42.513812,1,55,ax,udp,adaptive,20
6.000000,-5.000000,1,9.996800,6.556800,148.828912,14,3748800,2458800,0.344110,-53.457648,40.532053,1,54,ax,udp,adaptive,20
6.000000,-7.000000,1,9.996800,6.598400,147.495462,14,3748800,2474400,0.339949,-55.618984,38.370716,1,53,ax,udp,adaptive,20
6.000000,-9.000000,1,9.996800,6.560000,147.725522,14,3748800,2460000,0.343790,-57.700488,36.289212,1,52,ax,udp,adaptive,20
8.000000,11.000000,1,9.996800,6.582400,146.624041,14,3748800,2468400,0.341549,-60.685276,33.304424,1,78,ax,udp,adaptive,20
8.000000,13.000000,1,9.996800,6.576000,148.260517,14,3748800,2466000,0.342190,-62.188039,31.801661,1,79,ax,udp,adaptive,20
8.000000,15.000000,1,9.996800,6.569600,147.579388,14,3748800,2463600,0.342830,-63.591168,30.398532,1,80,ax,udp,adaptive,20
8.000000,1.000000,1,9.996800,6.556800,146.908362,14,3748800,2458800,0.344110,-53.871400,40.118300,1,73,ax,udp,adaptive,20
8.000000,3.000000,1,9.996800,6.563200,147.857780,14,3748800,2461200,0.343470,-54.627543,39.362157,1,74,ax,udp,adaptive,20
8.000000,5.000000,1,9.996800,6.553600,148.124747,14,3748800,2457600,0.344430,-55.918550,38.071150,1,75,ax,udp,adaptive,20
8.000000,7.000000,1,9.996800,6.566400,148.032996,14,3748800,2462400,0.343150,-57.473877,36.515823,1,76,ax,udp,adaptive,20
8.000000,9.000000,1,9.996800,6.572800,147.468414,14,3748800,2464800,0.342510,-59.098220,34.891480,1,77,ax,udp,adaptive,20
8.000000,-11.000000,1,9.996800,6.556800,147.570751,14,3748800,2458800,0.344110,-60.685276,33.304424,1,67,ax,udp,adaptive,20
8.000000,-13.000000,1,9.996800,6.390400,162.270027,14,3748800,2396400,0.360755,-62.188039,31.801661,1,66,ax,udp,adaptive,20
8.000000,-15.000000,1,9.996800,6.544000,150.016242,14,3748800,2454000,0.345391,-63.591168,30.398532,1,65,ax,udp,adaptive,20
8.000000,-1.000000,1,9.996800,6.579200,147.382187,14,3748800,2467200,0.341869,-53.871400,40.118300,1,72,ax,udp,adaptive,20
8.000000,-3.000000,1,9.996800,6.537600,149.360441,14,3748800,2451600,0.346031,-54.627543,39.362157,1,71,ax,udp,adaptive,20
8.000000,-5.000000,1,9.996800,6.585600,346.149284,12,3748800,2469600,0.341229,-55.918550,38.071150,1,70,ax,udp,adaptive,20
8.000000,-7.000000,1,9.996800,6.560000,147.232466,14,3748800,2460000,0.343790,-57.473877,36.515823,1,69,ax,udp,adaptive,20
8.000000,-9.000000,1,9.996800,6.585600,147.960751,14,3748800,2469600,0.341229,-59.098220,34.891480,1,68,ax,udp,adaptive,20
